"tempat_tinggal_group","mean_uang"
"Asrama",861111.111111111
"Kos",1057407.40740741
"Rumah",882882.882882883
