"term","df","sumsq","meansq","statistic","p.value"
"tempat_tinggal_group",2,2929341013807.96,1464670506903.98,8.36903453953328,0.000274456884303409
"Residuals",405,70879329329329.3,175010689702.048,NA,NA
